_RowType_,_chk,GAESUL_YEAR,GAESUL_TERM,CAMPUS_GB,CAMPUS_NM,HAKWI_NAME,JUKYONGHAKWI_GB,GRADE_NAME,ISU_NAME,HAKSU_NO,BUNBAN,HAKSU_NO_BUNBAN,GWAMOK_NAME,GWAMOK_ENG_NAME,HAKJUM,PER_NAME,PER_ID,GYOSI_NAME,HYUNGTAE,BIGO,SUUP_TYPE_CD,SUUP_TYPE_NM,BOKSUJUNGONG_YN_NAME,ABEEK_YN,ISU_NAME2,ISU_NAME3,HAKBU_JIBJUNG_GB,HAKBU_JIBJUNG_GB_NM,LECTURE_PLAN_TYPE,ABK_PROGRAM,INTRO_URL,INFORM
N,0,2026,10,2,자연과학,학사,01,,전공심화,CSE3036,41,CSE3036-41,컴퓨터공학세미나,Seminar in Computer Engineering,1(2),이종욱,227703,월15:00-15:50【미지정】/수17:00-17:50【미지정】,국제어수업,,32,온라인[사전제작],,,전공일반,전공심화,N,해당없음,5,,,
N,0,2026,10,2,자연과학,학사/석사,04,,전공(대학원),ECE4272,41,ECE4272-41,심화융합캡스톤디자인,Advanced Convergence Capstone Design,3(3),조준동,195024,월15:00-16:15【21121】/월16:30-17:45【21121】,일반수업,,31,오프라인,,,전공(대학원),,N,해당없음,1,,,
N,0,2026,10,2,자연과학,학사,01,,전공기반,EEE2008,41,EEE2008-41,신호및시스템,Signals and Systems,3(3),신지태,204247,수13:30-14:45【36203】【1.5h(ON)+1.5h(OFF)】,국제어수업,전자전기공학부 3학년 반제,33,플립러닝(온라인[사전제작]+오프라인),,,전공일반,전공심화,N,해당없음,5,,,*플립러닝:1.5h(ON)+1.5h(OFF)
N,0,2026,10,2,자연과학,학사,01,,전공기반,EEE2008,42,EEE2008-42,신호및시스템,Signals and Systems,3(3),이태진,202268,월12:00-13:15【21534】/수13:30-14:45【21534】,국제어수업,전자전기공학부 3학년 반제,31,오프라인,,,전공일반,전공심화,N,해당없음,5,,,
N,0,2026,10,2,자연과학,학사,01,,전공기반,EEE2008,43,EEE2008-43,신호및시스템,Signals and Systems,3(3),전병우,197304,월12:00-13:15【22211】/수13:30-14:45【22211】,국제어수업,전자전기공학부 3학년 반제,31,오프라인,,,전공일반,전공심화,N,해당없음,5,,,강의저장
N,0,2026,10,2,자연과학,학사,01,,전공기반,EEE2008,44,EEE2008-44,신호및시스템,Signals and Systems,3(3),정민영,204282,월12:00-13:15【22410】/수13:30-14:45【22410】,국제어수업,전자전기공학부 3학년 반제,31,오프라인,,,전공일반,전공심화,N,해당없음,5,,,강의저장
N,0,2026,10,2,자연과학,학사,01,,전공기반,EEE2008,45,EEE2008-45,신호및시스템,Signals and Systems,3(3),김중규,192022,월12:00-13:15【22409】/수13:30-14:45【22409】,국제어수업,전자전기공학부 비반제/ 반제대상자+타전공 수강불가,32,온라인[사전제작],,,전공일반,전공심화,N,해당없음,5,,,
N,0,2026,10,2,자연과학,학사,01,,전공심화,EEE3012,41,EEE3012-41,디지털통신,Digital Communication,3(3),서효운,243857,화13:30-14:45【22312】【1.5h(ON)+1.5h(OFF)】,일반수업,,33,플립러닝(온라인[사전제작]+오프라인),,,전공일반,전공심화,N,해당없음,5,,,*플립러닝:1.5h(ON)+1.5h(OFF)
N,0,2026,10,2,자연과학,학사,01,,전공심화,EEE3024,41,EEE3024-41,제어공학기초,Introduction to Automatic Control,3(3),국태용,195027,화13:30-14:45【22211】/목12:00-13:15【22211】,일반수업,,31,오프라인,,,전공일반,전공심화,N,해당없음,5,,,
N,0,2026,10,2,자연과학,학사,01,,전공심화,EEE3024,42,EEE3024-42,제어공학기초,Introduction to Automatic Control,3(3),박종구,195037,화15:00-16:15【85718】/목16:30-17:45【85718】,일반수업,,31,오프라인,,,전공일반,전공심화,N,해당없음,5,,,강의저장
N,0,2026,10,2,자연과학,학사,01,,전공심화,EEE3024,43,EEE3024-43,제어공학기초,Introduction to Automatic Control,3(3),유관호,203114,월13:30-14:45【22410】【1.5h(ON)+1.5h(OFF)】,국제어수업,,33,플립러닝(온라인[사전제작]+오프라인),,,전공일반,전공심화,N,해당없음,5,,https://lcms.skku.edu/em/6984348455758,강의저장/ *플립러닝:1.5h(ON)+1.5h(OFF)
N,0,2026,10,2,자연과학,학사,01,,전공심화,EEE3032,41,EEE3032-41,통신시스템,Communication Systems,3(3),정민영,204282,화12:00-13:15【22211】/목13:30-14:45【22211】,일반수업,,31,오프라인,,,전공일반,전공심화,N,해당없음,5,,,강의저장
N,0,2026,10,2,자연과학,학사,01,,전공기반,EME2009,41,EME2009-41,동역학,Dynamics,3(3),휴고로드리그,226572,화16:30-17:45【22312】/목15:00-16:15【22312】,국제어수업,,31,오프라인,,,전공일반,전공심화,N,해당없음,5,,,GNP/ 강의저장
N,0,2026,10,2,자연과학,학사,01,,실험실습,EME3068,41,EME3068-41,스마트카융합종합설계,Smart Car Convergence Capstone Design,3(6),황성호,204284,화15:00-15:50【22301】/화16:00-16:50【22301】/화17:00-17:50【22301】/화18:00-18:50【22301】/화19:00-19:50【22301】/화20:00-20:50【22301】,일반수업,,34,PBL(온라인[사전제작]+오프라인),,,실험실습,실험실습,N,해당없음,5,,,
N,0,2026,10,2,자연과학,학사,01,,전공기반,ERC2008,41,ERC2008-41,기술경영개론,Introduction to Management of Technology,3(3),조근태,191664,금15:00-16:15【26421】/금16:30-17:45【26421】,일반수업,,31,오프라인,복수전공 이수과목,,전공일반,전공심화,N,해당없음,5,,,
N,0,2026,10,2,자연과학,학사,01,,전공기반,ERC2008,42,ERC2008-42,기술경영개론,Introduction to Management of Technology,3(3),조근태,191664,금12:00-13:15【미지정】/금13:30-14:45【미지정】,일반수업,,32,온라인[사전제작],복수전공 이수과목,,전공일반,전공심화,N,해당없음,5,,,
N,0,2026,10,2,자연과학,학사,01,,전공심화,ESM3019,41,ESM3019-41,생산관리,Operations Management,3(3),권대일,233312,월10:30-11:45【26513】【1.5h(ON)+1.5h(OFF)】,국제어수업,,33,플립러닝(온라인[사전제작]+오프라인),,,전공일반,전공심화,N,해당없음,5,,,*플립러닝:1.5h(ON)+1.5h(OFF)
N,0,2026,10,2,자연과학,학사,01,,전공심화,ESM3061,41,ESM3061-41,데이터마이닝,Data Mining,3(3),이수지,241979,화13:30-14:45【미지정】/목12:00-13:15【미지정】,일반수업,,32,온라인[사전제작],복수전공 이수과목,,전공일반,전공심화,N,해당없음,5,,,
N,0,2026,10,2,자연과학,학사,01,,전공심화,ESM3074,41,ESM3074-41,차세대컴퓨터인터페이스설계,Next Generation Computing Interface Construction,3(3),이성일,198032,화15:00-16:15【26421】【1.5h(ON)+1.5h(OFF)】,일반수업,,33,플립러닝(온라인[사전제작]+오프라인),,,전공일반,전공심화,N,해당없음,5,,,강의저장/ *플립러닝:1.5h(ON)+1.5h(OFF)
N,0,2026,10,2,자연과학,학사/석사,04,,전공(대학원),ESW4004,41,ESW4004-41,분산컴퓨팅원론,Principles of Distributed Computing,3(3),남범석,230171,화12:00-13:15【26312】/목13:30-14:45【26312】,국제어수업,,31,오프라인,,,전공(대학원),,N,해당없음,1,,,강의저장
N,0,2026,10,2,자연과학,학사/석사,04,,전공(대학원),ESW4014,41,ESW4014-41,강화학습개론,Principles of Reinforcement Learning,3(3),,,월12:00-13:15【85602】/월13:30-14:45【85602】,일반수업,,31,오프라인,,,전공(대학원),,N,해당없음,1,,,
N,0,2026,10,2,자연과학,학사/석사/박사,06,,전공(대학원),ESW7004,41,ESW7004-41,AI및데이터기밀연산특론,Special Topics on Confidential Computing for AI and Data,3(3),우사이먼성일,232184,목18:00-19:15【85613】【1.5h(ON)+1.5h(OFF)】,국제어수업,,33,플립러닝(온라인[사전제작]+오프라인),,,전공(대학원),,N,해당없음,1,,,*플립러닝:1.5h(ON)+1.5h(OFF)
N,0,2026,10,2,자연과학,학사,01,,전공기반,ICE2001,41,ICE2001-41,논리회로,Logic Circuits,3(3),박준은,239811,수10:30-11:45【85702】【1.5h(ON)+1.5h(OFF)】,일반수업,전자전기공학부 2학년 반제,33,플립러닝(온라인[사전제작]+오프라인),,,전공일반,전공심화,N,해당없음,5,,,*플립러닝:1.5h(ON)+1.5h(OFF)
N,0,2026,10,2,자연과학,학사,01,,전공기반,ICE2001,42,ICE2001-42,논리회로,Logic Circuits,3(3),박종구,195037,월09:00-10:15【48B115】/수10:30-11:45【48B115】,일반수업,전자전기공학부 2학년 반제,31,오프라인,,,전공일반,전공심화,N,해당없음,5,,,강의저장
N,0,2026,10,2,자연과학,학사,01,,전공기반,ICE2001,43,ICE2001-43,논리회로,Logic Circuits,3(3),박형원,223007,화10:30-11:45【48B115】【1.5h(ON)+1.5h(OFF)】,국제어수업,전자전기공학부 2학년 반제,33,플립러닝(온라인[사전제작]+오프라인),,,전공일반,전공심화,N,해당없음,5,,,*플립러닝:1.5h(ON)+1.5h(OFF)
N,0,2026,10,2,자연과학,학사,01,,전공기반,ICE2001,44,ICE2001-44,논리회로,Logic Circuits,3(3),박형원,223007,수10:30-11:45【36203】【1.5h(ON)+1.5h(OFF)】,국제어수업,전자전기공학부 2학년 반제,33,플립러닝(온라인[사전제작]+오프라인),,,전공일반,전공심화,N,해당없음,5,,,*플립러닝:1.5h(ON)+1.5h(OFF)
N,0,2026,10,2,자연과학,학사,01,,전공기반,ICE2001,45,ICE2001-45,논리회로,Logic Circuits,3(3),전종욱,241185,수10:30-11:45【400126】【1.5h(ON)+1.5h(OFF)】,국제어수업,전자전기공학부 2학년 반제,33,플립러닝(온라인[사전제작]+오프라인),,,전공일반,전공심화,N,해당없음,5,,,*플립러닝:1.5h(ON)+1.5h(OFF)
N,0,2026,10,2,자연과학,학사,01,,전공기반,ICE2001,46,ICE2001-46,논리회로,Logic Circuits,3(3),박종구,195037,월10:30-11:45【48B115】/수09:00-10:15【48B115】,일반수업,전자전기공학부 비반제/ 반제대상자+타전공 수강불가,31,오프라인,,,전공일반,전공심화,N,해당없음,5,,,강의저장
N,0,2026,10,2,자연과학,학사,01,,전공기반,ICE2001,47,ICE2001-47,논리회로,Logic Circuits,3(3),이윤명,224502,화15:00-16:15【400126】【1.5h(ON)+1.5h(OFF)】,일반수업,반도체시스템공학과 전용반,33,플립러닝(온라인[사전제작]+오프라인),,,전공일반,전공심화,N,해당없음,5,,,강의저장/ *플립러닝:1.5h(ON)+1.5h(OFF)
N,0,2026,10,2,자연과학,학사,01,,실험실습,ICE2005,41,ICE2005-41,논리회로설계실험,Logic Design Laboratory,2(4),박준은,239811,월18:00-18:50【22202】/월19:00-19:50【22202】/월20:00-20:50【22202】/월21:00-21:45【22202】,국제어수업,전자전기공학부 전용반,34,PBL(온라인[사전제작]+오프라인),,,실험실습,실험실습,N,해당없음,5,,,
N,0,2026,10,2,자연과학,학사,01,,실험실습,ICE2005,43,ICE2005-43,논리회로설계실험,Logic Design Laboratory,2(4),전일용,237648,화21:00-21:45【22202】/수18:00-18:50【22202】/수19:00-19:50【22202】/수20:00-20:50【22202】,국제어수업,전자전기공학부 전용반,34,PBL(온라인[사전제작]+오프라인),,,실험실습,실험실습,N,해당없음,5,,,강의저장
N,0,2026,10,2,자연과학,학사,01,,실험실습,ICE2005,44,ICE2005-44,논리회로설계실험,Logic Design Laboratory,2(4),김율화,241997,목18:00-18:50【22202】/목19:00-19:50【22202】/목20:00-20:50【22202】/목21:00-21:45【22202】,국제어수업,전자전기공학부 전용반,34,PBL(온라인[사전제작]+오프라인),,,실험실습,실험실습,N,해당없음,5,,,
N,0,2026,10,2,자연과학,학사,01,,실험실습,ICE2005,45,ICE2005-45,논리회로설계실험,Logic Design Laboratory,2(4),김율화,241997,월18:00-18:50【400126】/월19:00-19:50【400213】/월20:00-20:50【400213】/월21:00-21:45【400213】,국제어수업,반도체시스템공학과 전용반     ,31,오프라인,,,실험실습,실험실습,N,해당없음,5,,,
N,0,2026,10,2,자연과학,학사,01,,실험실습,ICE2005,46,ICE2005-46,논리회로설계실험,Logic Design Laboratory,2(4),박정우,239844,화18:00-18:50【400126】/화19:00-19:50【400213】/화20:00-20:50【400213】/화21:00-21:45【400213】,국제어수업,반도체시스템공학과 전용반     ,31,오프라인,,,실험실습,실험실습,N,해당없음,5,,,
N,0,2026,10,2,자연과학,학사,01,,실험실습,ICE2005,47,ICE2005-47,논리회로설계실험,Logic Design Laboratory,2(4),박정우,239844,수18:00-18:50【400126】/수19:00-19:50【400213】/수20:00-20:50【400213】/수21:00-21:45【400213】,국제어수업,반도체시스템공학과 전용반     ,31,오프라인,,,실험실습,실험실습,N,해당없음,5,,,
N,0,2026,10,2,자연과학,학사,01,,전공심화,ICE3001,41,ICE3001-41,마이크로프로세서,Microprocessor,3(3),비탈리파노프,233506,화15:00-16:15【22409】/목16:30-17:45【22409】,국제어수업,,31,오프라인,,,전공일반,전공심화,N,해당없음,5,,,강의저장
N,0,2026,10,2,자연과학,학사,01,,전공심화,ICE3001,42,ICE3001-42,마이크로프로세서,Microprocessor,3(3),전재욱,194020,월16:30-17:45【400118】【1.5h(ON)+1.5h(OFF)】,국제어수업,반도체+전자전기+반융공+차반공,33,플립러닝(온라인[사전제작]+오프라인),,,전공일반,전공심화,N,해당없음,5,,,*플립러닝:1.5h(ON)+1.5h(OFF)
N,0,2026,10,2,자연과학,학사,01,,전공심화,ICE3024,41,ICE3024-41,디지털시스템,Digital Systems,3(4),임완수,242006,금09:00-10:15【22203】/금10:30-11:45【22203】【1h(ON)+3h(OFF)[4시간]】,국제어수업,,33,플립러닝(온라인[사전제작]+오프라인),,,전공일반,전공심화,N,해당없음,5,,,강의저장/ *플립러닝:1h(ON)+3h(OFF)[4시간]
N,0,2026,10,2,자연과학,학사,01,,실험실습,ICE3029,41,ICE3029-41,마이크로프로세서실험,MicroProcessor Laboratory,2(4),전재욱,194020,월18:00-18:50【400118】/월19:00-19:50【400118】/월20:00-20:50【400118】/월21:00-21:45【400118】,일반수업,반도체시스템공학과+전자전기공학부,34,PBL(온라인[사전제작]+오프라인),,,실험실습,실험실습,N,해당없음,5,,,
N,0,2026,10,2,자연과학,학사,01,,전공심화,ICE3037,41,ICE3037-41,종합설계프로젝트,Capstone Design,3(3),유현승,246184,월18:00-19:15【85731】/월19:30-20:45【85731】,일반수업,전자전기공학부 전용반,31,오프라인,,,전공일반,전공심화,N,해당없음,5,,,
N,0,2026,10,2,자연과학,학사,01,,전공심화,ICE3037,42,ICE3037-42,종합설계프로젝트,Capstone Design,3(3),국태용,195027,화18:00-19:15【85731】/화19:30-20:45【85731】,일반수업,전자전기공학부 전용반,31,오프라인,,,전공일반,전공심화,N,해당없음,5,,,
N,0,2026,10,2,자연과학,학사,01,,전공심화,ICE3037,43,ICE3037-43,종합설계프로젝트,Capstone Design,3(3),정조운,242000,수18:00-19:15【23529】/수19:30-20:45【23529】,일반수업,전자전기공학부 전용반,31,오프라인,,,전공일반,전공심화,N,해당없음,5,,,
N,0,2026,10,2,자연과학,학사,01,,전공심화,ICE3037,44,ICE3037-44,종합설계프로젝트,Capstone Design,3(3),최창순,245952,목18:00-19:15【85731】/목19:30-20:45【85731】,일반수업,전자전기공학부 전용반,31,오프라인,,,전공일반,전공심화,N,해당없음,5,,,
N,0,2026,10,2,자연과학,학사,01,,전공심화,ICE3037,45,ICE3037-45,종합설계프로젝트,Capstone Design,3(3),임완수,242006,화18:00-19:15【23529】/화19:30-20:45【23529】,일반수업,전자전기공학부 전용반,31,오프라인,,,전공일반,전공심화,N,해당없음,5,,,
N,0,2026,10,2,자연과학,학사,01,,전공심화,ICE3037,46,ICE3037-46,종합설계프로젝트,Capstone Design,3(3),유재천,214056,금12:00-13:15【23529】/금13:30-14:45【23529】,일반수업,전자전기공학부 전용반,31,오프라인,,,전공일반,전공심화,N,해당없음,5,,,
N,0,2026,10,2,자연과학,학사,01,,전공심화,ICE3043,41,ICE3043-41,스마트카공학개론,Introduction to Smart Car Engineering,3(3),전재욱,194020,금09:00-10:15【400126】/금10:30-11:45【400126】,일반수업,팀티칭 강의,31,오프라인,,,전공일반,전공심화,N,해당없음,5,,,
N,0,2026,10,2,자연과학,학사,01,,전공심화,ICE3045,41,ICE3045-41,기계학습개론,Introduction to Machine Learning,3(3),전재욱,194020,화10:30-11:45【400126】【1.5h(ON)+1.5h(OFF)】,국제어수업,반도체+전자전기+반융공+차반공,33,플립러닝(온라인[사전제작]+오프라인),,,전공일반,전공심화,N,해당없음,5,,,*플립러닝:1.5h(ON)+1.5h(OFF)
N,0,2026,10,2,자연과학,학사,01,,전공심화,ICE3045,42,ICE3045-42,기계학습개론,Introduction to Machine Learning,3(3),권민혜,245953,화12:00-13:15【22410】/목13:30-14:45【22410】,일반수업,,31,오프라인,,,전공일반,전공심화,N,해당없음,5,,,
N,0,2026,10,2,자연과학,학사,01,,전공심화,ICE3051,41,ICE3051-41,자율주행캡스톤디자인,Autonomous driving capstone design,3(3),전재욱,194020,금15:00-16:15【330102】/금16:30-17:45【330102】,일반수업,사전수강신청 불가/미래형자동차 마이크로디그리 교과목/수강신청 사업단 문의,34,PBL(온라인[사전제작]+오프라인),,,전공일반,전공심화,N,해당없음,5,,,
N,0,2026,10,2,자연과학,학사,01,,전공심화,ISW3002,41,ISW3002-41,시계열데이터처리개론,Introduction to Sequential Data Processing,3(3),심규홍,243789,월09:00-10:15【85602】/수10:30-11:45【85602】,일반수업,지능형SW + SW학과 전용반,31,오프라인,,,전공일반,전공심화,N,해당없음,1,,,강의저장
N,0,2026,10,2,자연과학,학사,01,,실험실습,ISW3003,41,ISW3003-41,오픈소스AI실습,Open Source AI Practice,2(4),심규홍,243789,수18:00-18:50【85602】/수19:00-19:50【85602】/수20:00-20:50【85602】/수21:00-21:45【85602】,일반수업,지능형SW + SW학과 전용반,31,오프라인,,,실험실습,실험실습,N,해당없음,1,,,강의저장
N,0,2026,10,2,자연과학,학사,01,,전공심화,ISW3004,41,ISW3004-41,인공지능윤리,Artificial Intelligence Ethics,3(3),박진영,235368,수13:30-14:45【85602】【1.5h(ON)+1.5h(OFF)】,국제어수업,지능형SW + SW학과 전용반,33,플립러닝(온라인[사전제작]+오프라인),,,전공일반,전공심화,N,해당없음,1,,,*플립러닝:1.5h(ON)+1.5h(OFF)
N,0,2026,10,2,자연과학,학사,01,,전공심화,ISW3005,41,ISW3005-41,확률그래프모델,Probabilistic Graphical Models,3(3),박호건,235371,수16:30-17:45【85602】【1.5h(ON)+1.5h(OFF)】,국제어수업,지능형SW + SW학과 전용반,33,플립러닝(온라인[사전제작]+오프라인),,,전공일반,전공심화,N,해당없음,1,,,*플립러닝:1.5h(ON)+1.5h(OFF)
N,0,2026,10,2,자연과학,학사,01,,전공기반,ISW3007,41,ISW3007-41,통계분석,Statistical Analysis,3(3),이종욱,227703,화12:00-13:15【85602】/목13:30-14:45【85602】,일반수업,지능형SW + SW학과 전용반,31,오프라인,,,전공핵심,전공심화,N,해당없음,1,,,
N,0,2026,10,2,자연과학,학사/석사,04,,전공(대학원),SFC4001,41,SFC4001-41,스마트팩토리캡스톤디자인1,Smart Factory Capstone Design 1,3(3),정종필,209977,화18:00-19:15【22005】/화19:30-20:45【22005】,일반수업,,34,PBL(온라인[사전제작]+오프라인),,,전공(대학원),,N,해당없음,1,,,
N,0,2026,10,2,자연과학,학사,01,,전공기반,SSE2026,41,SSE2026-41,기초전기회로1,Electric Circuits-I,3(3),공배선,201928,화13:30-14:45【400126】/목12:00-13:15【400126】,국제어수업,반시공+SW대학 삼성SW멤버십 참여학생/Not For Foreigners,31,오프라인,,,전공일반,전공심화,N,해당없음,1,,,강의저장
N,0,2026,10,2,자연과학,학사,01,,전공심화,SSE3061,41,SSE3061-41,디지털시스템설계,Digital System Design,3(3),김율화,241997,월10:30-11:45【400118】/수09:00-10:15【400118】,국제어수업,반시공+차반공+SW대학 삼성SW멤버십 참여학생,31,오프라인,복수전공 이수과목,,전공일반,전공심화,N,해당없음,1,,,
N,0,2026,10,2,자연과학,학사,01,,전공기반,SWE2001,41,SWE2001-41,시스템프로그램,System Program,3(3),우홍욱,229343,월10:30-11:45【85602】【1.5h(ON)+1.5h(OFF)】,국제어수업,소프트/컴퓨터공학과 반제,33,플립러닝(온라인[사전제작]+오프라인),,,전공핵심,전공코어,N,해당없음,5,,,*플립러닝:1.5h(ON)+1.5h(OFF)
N,0,2026,10,2,자연과학,학사,01,,전공기반,SWE2001,42,SWE2001-42,시스템프로그램,System Program,3(3),최형기,207580,월10:30-11:45【26310】/수09:00-10:15【26310】,일반수업,소프트/컴퓨터공학과 반제,31,오프라인,,,전공핵심,전공코어,N,해당없음,5,,,강의저장
N,0,2026,10,2,자연과학,학사,01,,전공기반,SWE2001,43,SWE2001-43,시스템프로그램,System Program,3(3),엄영익,193024,목13:30-14:45【26310】【1.5h(ON)+1.5h(OFF)】,일반수업,복수전공생 및 재학생 전용,33,플립러닝(온라인[사전제작]+오프라인),,,전공핵심,전공코어,N,해당없음,5,,,*플립러닝:1.5h(ON)+1.5h(OFF)
N,0,2026,10,2,자연과학,학사,01,,전공기반,SWE2015,41,SWE2015-41,자료구조개론,Data Structures,3(3),이한국,241998,월09:00-10:15【26515】/수10:30-11:45【26515】,국제어수업,,31,오프라인,,,전공핵심,전공코어,N,해당없음,5,,,
N,0,2026,10,2,자연과학,학사,01,,전공기반,SWE2015,42,SWE2015-42,자료구조개론,Data Structures,3(3),염익준,214968,수09:00-10:15【미지정】/수10:30-11:45【미지정】,일반수업,,32,온라인[사전제작],,,전공핵심,전공코어,N,해당없음,5,,,
N,0,2026,10,2,자연과학,학사,01,,전공기반,SWE2016,41,SWE2016-41,알고리즘개론,Algorithms,3(3),허재필,228493,월12:00-13:15【26310】【1.5h(ON)+1.5h(OFF)】,국제어수업,,33,플립러닝(온라인[사전제작]+오프라인),,,전공핵심,전공코어,N,해당없음,5,,,*플립러닝:1.5h(ON)+1.5h(OFF)
N,0,2026,10,2,자연과학,학사,01,,전공기반,SWE2016,42,SWE2016-42,알고리즘개론,Algorithms,3(3),허재필,228493,월13:30-14:45【26310】【1.5h(ON)+1.5h(OFF)】,국제어수업,,33,플립러닝(온라인[사전제작]+오프라인),,,전공핵심,전공코어,N,해당없음,5,,,*플립러닝:1.5h(ON)+1.5h(OFF)
N,0,2026,10,2,자연과학,학사,01,,전공기반,SWE2020,41,SWE2020-41,컴퓨터개론,Introduction to Computer Engineering,2(2),,,월13:00-13:50【400126】/월14:00-14:50【400126】,일반수업,,31,오프라인,,,전공일반,전공심화,N,해당없음,5,,,
N,0,2026,10,2,자연과학,학사,01,,실험실습,SWE2021,41,SWE2021-41,오픈소스소프트웨어실습,Open Source Software Practice,2(4),박진영,235368,수18:00-18:50【26310】/수19:00-19:50【26310】/수20:00-20:50【26310】/수21:00-21:45【26310】,국제어수업,,31,오프라인,,,실험실습,실험실습,N,해당없음,5,,,
N,0,2026,10,2,자연과학,학사,01,,실험실습,SWE2023,42,SWE2023-42,JAVA프로그래밍실습,JAVA Programming Lab,2(4),한환수,214970,화18:00-18:50【85613】/화19:00-19:50【85613】/화20:00-20:50【85613】/화21:00-21:45【85613】,국제어수업,,31,오프라인,,,실험실습,실험실습,N,해당없음,5,,,강의저장
N,0,2026,10,2,자연과학,학사,01,,실험실습,SWE2024,41,SWE2024-41,시스템프로그래밍실습,System Programming Lab,2(4),한환수,214970,수18:00-18:50【26312】/수19:00-19:50【26312】/수20:00-20:50【26312】/수21:00-21:45【26312】,국제어수업,,31,오프라인,,,실험실습,실험실습,N,해당없음,5,,,강의저장
N,0,2026,10,2,자연과학,학사,01,,전공,SWE2026,41,SWE2026-41,문제해결,Problem Solving Techniques,3(3),조재민,235372,목10:30-11:45【85602】【1.5h(ON)+1.5h(OFF)】,일반수업,,33,플립러닝(온라인[사전제작]+오프라인),,,전공일반,전공심화,N,해당없음,5,,,강의저장/ *플립러닝:1.5h(ON)+1.5h(OFF)
N,0,2026,10,2,자연과학,학사,01,,전공,SWE2026,42,SWE2026-42,문제해결,Problem Solving Techniques,3(3),이한국,241998,화15:00-16:15【85602】【1.5h(ON)+1.5h(OFF)】,일반수업,"지능형소프트웨어학과 전용반
",33,플립러닝(온라인[사전제작]+오프라인),,,전공일반,전공심화,N,해당없음,5,,,*플립러닝:1.5h(ON)+1.5h(OFF)
N,0,2026,10,2,자연과학,학사,01,,전공심화,SWE2028,41,SWE2028-41,산학협력프로젝트,Industry-Academy Cooperation Project,1(0),우홍욱,229343,미지정,일반수업,,,,,,전공일반,전공심화,N,해당없음,1,,,
N,0,2026,10,2,자연과학,학사,01,,전공기반,SWE3002,41,SWE3002-41,소프트웨어공학개론,Introduction to Software Engineering,3(3),이은석,195034,금15:00-16:15【85613】【1.5h(ON)+1.5h(OFF)】,일반수업,,33,플립러닝(온라인[사전제작]+오프라인),,,전공핵심,전공코어,N,해당없음,5,,,*플립러닝:1.5h(ON)+1.5h(OFF)
N,0,2026,10,2,자연과학,학사,01,,전공기반,SWE3002,42,SWE3002-42,소프트웨어공학개론,Introduction to Software Engineering,3(3),차수영,237057,화10:30-11:45【미지정】/목09:00-10:15【미지정】,국제어수업,,32,온라인[사전제작],,,전공핵심,전공코어,N,해당없음,5,,,
N,0,2026,10,2,자연과학,학사,01,,전공기반,SWE3003,41,SWE3003-41,데이터베이스개론,Introduction to Database,3(3),남범석,230171,월12:00-13:15【26515】/수13:30-14:45【26515】,국제어수업,소프트/컴퓨터공학과 반제/ 1만라인프로젝트,31,오프라인,,,전공핵심,전공코어,N,해당없음,5,,,강의저장
N,0,2026,10,2,자연과학,학사,01,,전공기반,SWE3003,42,SWE3003-42,데이터베이스개론,Introduction to Database,3(3),김응모,110425,금09:00-10:15【미지정】/금10:30-11:45【미지정】,일반수업,복수전공생 및 재학생 전용/ 1만라인프로젝트,32,온라인[사전제작],,,전공핵심,전공코어,N,해당없음,5,,,강의저장
N,0,2026,10,2,자연과학,학사,01,,전공기반,SWE3004,41,SWE3004-41,운영체제,Operating Systems,3(3),서의성,219544,화15:00-16:15【26310】/목16:30-17:45【26310】,국제어수업,1만라인프로젝트,31,오프라인,,,전공핵심,전공코어,N,해당없음,5,,,
N,0,2026,10,2,자연과학,학사,01,,전공기반,SWE3004,42,SWE3004-42,운영체제,Operating Systems,3(3),서의성,219544,화12:00-13:15【85613】/목13:30-14:45【85613】,일반수업,1만라인프로젝트,31,오프라인,,,전공핵심,전공코어,N,해당없음,5,,,
N,0,2026,10,2,자연과학,학사,01,,전공기반,SWE3004,43,SWE3004-43,운영체제,Operating Systems,3(3),서의성,219544,화13:30-14:45【85602】/목12:00-13:15【85602】,일반수업,지능형소프트웨어학과 전용반,31,오프라인,,,전공핵심,전공코어,N,해당없음,5,,,
N,0,2026,10,2,자연과학,학사,01,,전공기반,SWE3005,41,SWE3005-41,컴퓨터구조개론,Introduction to Computer Architectures,3(3),민동문,243219,화13:30-14:45【26310】/목12:00-13:15【26310】,일반수업,1만라인프로젝트,31,오프라인,,,전공핵심,전공코어,N,해당없음,5,,,강의저장
N,0,2026,10,2,자연과학,학사,01,,전공기반,SWE3005,42,SWE3005-42,컴퓨터구조개론,Introduction to Computer Architectures,3(3),민동문,243219,화10:30-11:45【85602】【1.5h(ON)+1.5h(OFF)】,국제어수업,1만라인프로젝트,33,플립러닝(온라인[사전제작]+오프라인),,,전공핵심,전공코어,N,해당없음,5,,,강의저장/ *플립러닝:1.5h(ON)+1.5h(OFF)
N,0,2026,10,2,자연과학,학사,01,,전공기반,SWE3006,41,SWE3006-41,프로그래밍언어,Programming Languages,3(3),황성재,237066,수12:00-13:15【26310】【1.5h(ON)+1.5h(OFF)】,국제어수업,1만라인프로젝트,33,플립러닝(온라인[사전제작]+오프라인),,,전공핵심,전공코어,N,해당없음,5,,,강의저장/ *플립러닝:1.5h(ON)+1.5h(OFF)
N,0,2026,10,2,자연과학,학사,01,,전공기반,SWE3006,42,SWE3006-42,프로그래밍언어,Programming Languages,3(3),한환수,214970,목15:00-16:15【26310】【1.5h(ON)+1.5h(OFF)】,일반수업,1만라인프로젝트,33,플립러닝(온라인[사전제작]+오프라인),,,전공핵심,전공코어,N,해당없음,5,,,강의저장/ *플립러닝:1.5h(ON)+1.5h(OFF)
N,0,2026,10,2,자연과학,학사,01,,전공심화,SWE3008,41,SWE3008-41,컴퓨터그래픽스개론,Introduction to Computer Graphics,3(3),이성길,218321,화16:30-17:45【26312】【1.5h(ON)+1.5h(OFF)】,일반수업,,33,플립러닝(온라인[사전제작]+오프라인),,,전공일반,전공심화,N,해당없음,5,,,*플립러닝:1.5h(ON)+1.5h(OFF)
N,0,2026,10,2,자연과학,학사,01,,전공심화,SWE3011,41,SWE3011-41,인공지능개론,Introduction to Artificial Intelligence,3(3),박진영,235368,수15:00-16:15【26310】【1.5h(ON)+1.5h(OFF)】,국제어수업,,33,플립러닝(온라인[사전제작]+오프라인),,,전공일반,전공코어,N,해당없음,5,,,*플립러닝:1.5h(ON)+1.5h(OFF)
N,0,2026,10,2,자연과학,학사,01,,전공심화,SWE3011,42,SWE3011-42,인공지능개론,Introduction to Artificial Intelligence,3(3),박호건,235371,목10:30-11:45【26310】【1.5h(ON)+1.5h(OFF)】,국제어수업,,33,플립러닝(온라인[사전제작]+오프라인),,,전공일반,전공코어,N,해당없음,5,,,*플립러닝:1.5h(ON)+1.5h(OFF)
N,0,2026,10,2,자연과학,학사,01,,전공심화,SWE3022,41,SWE3022-41,컴퓨터네트웍개론,Computer Networks,3(3),추현승,198024,월10:30-11:45【26312】【1.5h(ON)+1.5h(OFF)】,국제어수업,1만라인프로젝트,33,플립러닝(온라인[사전제작]+오프라인),,,전공핵심,전공코어,N,해당없음,5,,,*플립러닝:1.5h(ON)+1.5h(OFF)
N,0,2026,10,2,자연과학,학사,01,,전공심화,SWE3023,41,SWE3023-41,소프트웨어특강1,Special Topics in Software 1,3(3),이선재,244084,월09:00-10:15【85613】/수10:30-11:45【85613】,일반수업,,34,PBL(온라인[사전제작]+오프라인),,,전공일반,전공심화,N,해당없음,1,,,강의저장
N,0,2026,10,2,자연과학,학사,01,,전공심화,SWE3025,41,SWE3025-41,정보보호개론,Computer Security,3(3),구형준,235946,목16:30-17:45【26312】【1.5h(ON)+1.5h(OFF)】,국제어수업,,33,플립러닝(온라인[사전제작]+오프라인),,,전공일반,전공심화,N,해당없음,5,,,강의저장/ *플립러닝:1.5h(ON)+1.5h(OFF)
N,0,2026,10,2,자연과학,학사,01,,전공기반,SWE3026,41,SWE3026-41,확률과랜덤프로세스,Probability and Random Process,3(3),우사이먼성일,232184,월13:30-14:45【400112】【1.5h(ON)+1.5h(OFF)】,국제어수업,,33,플립러닝(온라인[사전제작]+오프라인),,,전공일반,전공심화,N,해당없음,5,,,*플립러닝:1.5h(ON)+1.5h(OFF)
N,0,2026,10,2,자연과학,학사,01,,전공심화,SWE3028,41,SWE3028-41,캡스톤설계프로젝트,Capstone Design Project,3(3),아에스아부하메드타메르,233346,금12:00-13:15【85613】/금13:30-14:45【85613】,국제어수업,,31,오프라인,,,전공일반,전공심화,N,해당없음,1,,,
N,0,2026,10,2,자연과학,학사,01,,실험실습,SWE3031,41,SWE3031-41,네트워크프로젝트,Network Project,2(4),염익준,214968,화18:00-18:50【85602】/화19:00-19:50【85602】/화20:00-20:50【85602】/화21:00-21:45【85602】,국제어수업,,31,오프라인,,,실험실습,실험실습,N,해당없음,5,,,
N,0,2026,10,2,자연과학,학사,01,,실험실습,SWE3031,42,SWE3031-42,네트워크프로젝트,Network Project,2(4),염익준,214968,목18:00-18:50【85602】/목19:00-19:50【85602】/목20:00-20:50【85602】/목21:00-21:45【85602】,일반수업,,31,오프라인,,,실험실습,실험실습,N,해당없음,5,,,
N,0,2026,10,2,자연과학,학사,01,,실험실습,SWE3032,41,SWE3032-41,인공지능프로젝트,Artificial Intelligence Project,2(4),박호건,235371,월18:00-18:50【26310】/월19:00-19:50【26310】/월20:00-20:50【26310】/월21:00-21:45【26310】,일반수업,,31,오프라인,,,실험실습,실험실습,N,해당없음,5,,,
N,0,2026,10,2,자연과학,학사,01,,실험실습,SWE3047,41,SWE3047-41,모바일앱프로그래밍실습,Mobile App Programming Lab,2(4),염익준,214968,수18:00-18:50【85613】/수19:00-19:50【85613】/수20:00-20:50【85613】/수21:00-21:45【85613】,국제어수업,,31,오프라인,,,실험실습,실험실습,N,해당없음,5,,,
N,0,2026,10,2,자연과학,학사,01,,전공심화,SWE3050,41,SWE3050-41,기계학습원론,Fundamentals of machine learning,3(3),아에스아부하메드타메르,233346,수15:00-16:15【85613】【1.5h(ON)+1.5h(OFF)】,국제어수업,,33,플립러닝(온라인[사전제작]+오프라인),,,전공일반,전공코어,N,해당없음,5,,,*플립러닝:1.5h(ON)+1.5h(OFF)
N,0,2026,10,2,자연과학,학사,01,,전공심화,SWE3050,42,SWE3050-42,기계학습원론,Fundamentals of machine learning,3(3),이지형,204248,화10:30-11:45【26310】【1.5h(ON)+1.5h(OFF)】,국제어수업,,33,플립러닝(온라인[사전제작]+오프라인),,,전공일반,전공코어,N,해당없음,5,,,강의저장/ *플립러닝:1.5h(ON)+1.5h(OFF)
N,0,2026,10,2,자연과학,학사,01,,전공심화,SWE3050,43,SWE3050-43,기계학습원론,Fundamentals of machine learning,3(3),조재민,235372,목15:00-16:15【85602】【1.5h(ON)+1.5h(OFF)】,일반수업,지능형소프트웨어학과 전용반,33,플립러닝(온라인[사전제작]+오프라인),,,전공일반,전공코어,N,해당없음,5,,,강의저장/ *플립러닝:1.5h(ON)+1.5h(OFF)
N,0,2026,10,2,자연과학,학사,01,,전공심화,SWE3052,41,SWE3052-41,심층신경망개론,Introduction to Deep Neural Networks,3(3),박호건,235371,화13:30-14:45【26312】【1.5h(ON)+1.5h(OFF)】,국제어수업,,33,플립러닝(온라인[사전제작]+오프라인),,,전공일반,전공심화,N,해당없음,1,,,*플립러닝:1.5h(ON)+1.5h(OFF)